{"cameraMode":{"drawMode":0,"name":"Shaded","section":"Shading Mode"},"sceneLighting":true,"audioPlay":false,"sceneViewState":{"m_AlwaysRefresh":false,"showFog":true,"showSkybox":true,"showFlares":true,"showImageEffects":true,"showParticleSystems":true,"showVisualEffectGraphs":true,"m_FxEnabled":true},"in2DMode":false,"pivot":{"x":0.2516666054725647,"y":-0.23977380990982057,"z":0.8634636998176575},"rotation":{"x":0.11697573959827423,"y":0.16046255826950074,"z":-0.019144734367728235,"w":0.979910671710968},"size":0.20838695764541627,"orthographic":false}