{"cameraMode":{"drawMode":0,"name":"Shaded","section":"Shading Mode"},"sceneLighting":true,"audioPlay":false,"sceneViewState":{"m_AlwaysRefresh":false,"showFog":true,"showSkybox":true,"showFlares":true,"showImageEffects":true,"showParticleSystems":true,"showVisualEffectGraphs":true,"m_FxEnabled":true},"in2DMode":false,"pivot":{"x":-0.7253458499908447,"y":-0.12076544761657715,"z":1.07686185836792},"rotation":{"x":-0.12349127978086472,"y":0.8333429098129273,"z":-0.2068585455417633,"w":-0.49749258160591128},"size":1.9059932231903077,"orthographic":false}